{"0":{"1":0.7959607328,"2":0.6453843291,"3":0.5438073778,"4":0.4804331005,"5":0.4457959714,"6":0.4260853106,"7":0.4137048682,"8":0.4096754695,"9":0.4092716105,"10":0.4149286998,"11":0.4315234076,"12":0.4867507172,"13":0.5589110538,"14":0.6731726872,"15":0.7730278837,"16":0.8724324542,"17":0.9100302597,"18":0.9254094854,"19":0.9057144726,"20":0.9077976434,"21":0.8947856753,"22":0.8756155879,"23":0.9165237721,"24":0.8463956405,"25":0.8541085108,"26":0.8697964587,"27":0.8767851198,"28":0.8674897803,"29":0.8578796085,"30":0.8525030523,"31":0.8580626011,"32":0.8853678493,"33":0.9554535797,"34":1.0963894053,"35":1.2551248806,"36":1.4431411239,"37":1.6568807952,"38":1.8774678443,"39":1.9530457099,"40":2.0173761585,"41":1.9463350068,"42":1.9038755933,"43":1.8489303576,"44":1.7889053984,"45":1.6436309995,"46":1.4694956983,"47":1.2482895304,"48":1.0105267264},"1":{"1":0.5565916841,"2":0.4868896467,"3":0.4466883369,"4":0.4183686864,"5":0.4003160031,"6":0.3903372573,"7":0.382684513,"8":0.3869868348,"9":0.3896171907,"10":0.4098981941,"11":0.4418273009,"12":0.4734696766,"13":0.5388832845,"14":0.6482951158,"15":0.7782524912,"16":0.8809927866,"17":0.9845971759,"18":1.0587157079,"19":1.0909577667,"20":1.1037113735,"21":1.1111168088,"22":1.1139489514,"23":1.1153266375,"24":1.1327215758,"25":1.1585529696,"26":1.1872373261,"27":1.1896815201,"28":1.1712329713,"29":1.1588843923,"30":1.1555058631,"31":1.1812101803,"32":1.2504265244,"33":1.356430302,"34":1.5080272911,"35":1.6391489741,"36":1.7775584391,"37":1.8072309172,"38":1.7377085294,"39":1.6443768367,"40":1.5360837456,"41":1.449959577,"42":1.3733064766,"43":1.3020371048,"44":1.2086034217,"45":1.0780074745,"46":0.942266143,"47":0.7875524471,"48":0.6577755729},"2":{"1":0.6114001302,"2":0.554500318,"3":0.510185267,"4":0.4830614379,"5":0.4639235693,"6":0.4787683239,"7":0.5100241428,"8":0.5000265946,"9":0.5209929666,"10":0.5612711007,"11":0.654019694,"12":0.7651666684,"13":0.9187584509,"14":1.170349757,"15":1.3943428105,"16":1.5223992162,"17":1.5548546843,"18":1.5515624641,"19":1.3946388554,"20":1.2837284236,"21":1.1655081903,"22":1.0771207333,"23":1.0388489837,"24":1.0084985603,"25":1.0150897838,"26":1.0151404617,"27":0.9859168542,"28":0.9639391191,"29":0.9358642552,"30":0.9321726284,"31":0.937245396,"32":0.9791414695,"33":1.0405616397,"34":1.1268963182,"35":1.2286278171,"36":1.3565793411,"37":1.3664094815,"38":1.3872110036,"39":1.3518126694,"40":1.3207103581,"41":1.2877916907,"42":1.2504306791,"43":1.1905708191,"44":1.1495456712,"45":1.0361412974,"46":0.9416109697,"47":0.8088347719,"48":0.6978041616},"3":{"1":1.0058747495,"2":0.9043319583,"3":0.8144443275,"4":0.7465336779,"5":0.7025711794,"6":0.6769532719,"7":0.6449066968,"8":0.6377612959,"9":0.620372873,"10":0.6047871214,"11":0.6029747911,"12":0.6338432699,"13":0.6719182241,"14":0.73262835,"15":0.7836801823,"16":0.8398345793,"17":0.9034538171,"18":0.9354549341,"19":0.9587927859,"20":0.9718253798,"21":0.9742135589,"22":0.9830187356,"23":0.9897189381,"24":0.9897631075,"25":1.0048444614,"26":1.0058135141,"27":1.004132344,"28":1.0004255694,"29":0.9817205501,"30":0.9796875979,"31":0.9873570706,"32":1.0098254123,"33":1.046067002,"34":1.1014673924,"35":1.1777521863,"36":1.2511602194,"37":1.3281365315,"38":1.3876311474,"39":1.4080676836,"40":1.4169905507,"41":1.4126540092,"42":1.4125880204,"43":1.3977547364,"44":1.3888831958,"45":1.3501928569,"46":1.2990513613,"47":1.2083702342,"48":1.1097685473}}