{"0":{"1":0.9254109252,"2":0.7455598085,"3":0.5889191011,"4":0.4864140652,"5":0.4162834378,"6":0.3864688533,"7":0.3416295567,"8":0.354743039,"9":0.3275683325,"10":0.2733730733,"11":0.294217006,"12":0.3377626048,"13":0.4108454712,"14":0.5729049597,"15":0.6912871665,"16":0.8223176268,"17":0.9154819078,"18":0.9727317864,"19":1.0242677746,"20":1.1088404984,"21":1.1446569318,"22":1.1643514357,"23":1.1303796326,"24":1.1041538081,"25":1.1056953034,"26":1.1490736596,"27":1.1188046136,"28":1.0744596284,"29":1.0173599097,"30":1.0251342577,"31":1.0191660438,"32":0.9856688918,"33":1.0274700622,"34":1.1242743077,"35":1.273280174,"36":1.3385114349,"37":1.4797991403,"38":1.584396526,"39":1.634089699,"40":1.6563918765,"41":1.6367006473,"42":1.5841928449,"43":1.5767986554,"44":1.6105152007,"45":1.5040781478,"46":1.462885038,"47":1.3268958699,"48":1.1437892644},"1":{"1":0.2503403623,"2":0.1940966274,"3":0.1535323828,"4":0.122520985,"5":0.1175097244,"6":0.106671081,"7":0.1154141701,"8":0.150968684,"9":0.2124368691,"10":0.3059301332,"11":0.4864319228,"12":0.7517186716,"13":1.206802819,"14":1.6629120416,"15":1.9844321361,"16":2.4613459797,"17":2.7793671262,"18":2.830635686,"19":2.5651100458,"20":2.1975895047,"21":1.8237647174,"22":1.5522698515,"23":1.3777849944,"24":1.1475085833,"25":1.1427934475,"26":1.1090800714,"27":1.033417762,"28":0.9550542452,"29":0.9285570277,"30":0.8760460933,"31":0.8351215033,"32":0.846434677,"33":0.9264368416,"34":1.0114760032,"35":1.1406119999,"36":1.3195954653,"37":1.2707365568,"38":1.256427022,"39":1.0825426518,"40":0.940724752,"41":0.869041704,"42":0.7788050252,"43":0.6240511542,"44":0.6143389204,"45":0.5571504972,"46":0.5348183264,"47":0.4483047241,"48":0.3413384292},"2":{"1":0.2963298852,"2":0.2173234862,"3":0.1639004743,"4":0.1382853142,"5":0.1042223979,"6":0.101637616,"7":0.0838811878,"8":0.0920616513,"9":0.0900118233,"10":0.1123518986,"11":0.1416690451,"12":0.1899669532,"13":0.2712176919,"14":0.3837501181,"15":0.5742952482,"16":0.6986905378,"17":0.8915831424,"18":1.0445515943,"19":1.2056145025,"20":1.3004681921,"21":1.3985175599,"22":1.4414200345,"23":1.540733759,"24":1.6216038581,"25":1.7795184962,"26":1.8282624426,"27":1.8366484016,"28":1.7571749101,"29":1.6754362739,"30":1.6073227288,"31":1.6262922463,"32":1.696096237,"33":1.8647304221,"34":2.0722448249,"35":2.2229367432,"36":2.2556527601,"37":2.0621278404,"38":1.7344263481,"39":1.476724791,"40":1.2169470758,"41":1.0294362201,"42":0.8796983527,"43":0.7438443524,"44":0.6474688192,"45":0.5574274485,"46":0.5095284822,"47":0.4328106424,"48":0.3831551684},"3":{"1":0.4007420444,"2":0.2629393782,"3":0.1906547387,"4":0.1400714156,"5":0.1064899565,"6":0.0894209983,"7":0.0822689252,"8":0.0709804989,"9":0.0636266745,"10":0.0718018374,"11":0.1091550773,"12":0.1399307554,"13":0.192156193,"14":0.277223891,"15":0.3703039151,"16":0.5441738205,"17":0.6862112382,"18":0.7829852898,"19":0.7920159998,"20":0.8598732007,"21":0.8753674091,"22":0.8854504414,"23":0.9226988778,"24":0.9414957637,"25":1.000125473,"26":1.0648693628,"27":1.0648502685,"28":1.0427800269,"29":1.0336748839,"30":0.9678889706,"31":0.9633657019,"32":1.004521121,"33":1.1090091327,"34":1.3515279444,"35":1.7329142101,"36":2.3447561983,"37":2.9257104835,"38":3.3690358304,"39":3.3724152762,"40":3.0343178613,"41":2.4913881423,"42":2.0456889861,"43":1.6098012935,"44":1.3190700749,"45":1.1091184146,"46":0.9143279458,"47":0.7157446804,"48":0.5550593765}}